Gaia_Source_ID,Name
422625095468873728,AWI0004efi
395612534315211520,AWI0006369
432303512207768704,AWI0001qlx
422693059030350336,AWI0004efm
528971028333421824,AWI0002d22
421008018801196416,AWI0004nbm
530686713148552320,AWI0002d26
432257848115982208,AWI0001qm9
429058475442003968,AWI0003lr1
432033410309110400,AWI00019qn
528114779354545280,AWI0001qmq
422061527040274048,AWI0004eg1
419706888526603648,AWI0005mrh
2862328353955410048,AWI0005zwa
428374957167553536,AWI0003ls0
419164481395775872,AWI0005mrk
4707592195766761984,AWI00062h7
428909457258627200,AWI0002v9h
428717832994783744,AWI0003lsa
389532784764600320,AWI0005w5e
527371578213633024,AWI00019rf
527241629683246848,AWI00019rj
527358899469812480,AWI00019rr
2542373597009506944,AWI0000bs0
428432406648152320,AWI000422s
430856756765899520,AWI0000x90
425400743853782528,AWI000422v
415726033659382656,AWI0006358
536247733727147648,AWI0005dzs
529194774651663616,AWI00023l4
418273602100400512,AWI0005ms8
2529663105153136384,AWI0000aoe
523821396914544128,AWI0000znp
426670748505397120,AWI0003cr7
373996715524905984,AWI0005yiv
377948222877147648,AWI0005w5x
533509090779357312,AWI0005e06
404474082633217152,AWI000634q
401868652392235136,AWI000634k
373716035119655808,AWI0005w65
510883306145049472,AWI0002vas
397380342847527808,AWI0005w6c
413199703841517440,AWI0004245
513228079112230784,AWI00019tm
512412692464876416,AWI0000x9q
323920253007541632,AWI0005yj7
409644982742510976,AWI0004ne5
96684253613955328,AWI00062a8
409758816557778816,AWI0004ne6
513075388731254400,AWI00019tu
408943425601633920,AWI0005mth
409821145123486720,AWI0004ne7
566016942325467648,AWI0005aeh
408977579181798784,AWI0005mti
534576918430739456,AWI0005e0y
2589541271450706816,AWI00062aa
4960205645083737344,AWI00062n5
506049818671549312,AWI000424d
357834276851506048,AWI000634b
291292589050101888,AWI0005zx4
4954533814352222336,AWI00008jh
506098605197562624,AWI0004ehf
519763443084245120,AWI0002d4o
508757469136706176,AWI0004yhv
505369976890496000,AWI000424k
507952179936775552,AWI0002vbd
93632730889836416,AWI00062aj
505428663323546240,AWI000424m
514605565325922176,AWI0000zi8
351353342999544064,AWI0005w6v
455213585019185664,AWI0005mub
458635922347102592,AWI000424z
507237428667667584,AWI0003cs7
515160406379886976,AWI0001qp3
513524607951538560,AWI0000xan
339807062158673408,AWI0005w72
513466505632817408,AWI0004yi8
354518940055896704,AWI000633y
545495244987522816,AWI00055u5
134481237130533760,AWI0005zft
327520260236054528,AWI0005yjq
89382156375974016,AWI0005zxc
335088267489495424,AWI0005w77
466062161317971712,AWI00019v2
438533413808563456,AWI0005muq
465825079124524032,AWI00019v7
127148009968227584,AWI0005zfw
139996971570897536,AWI0005yjv
454791479936193664,AWI0003lvf
541690316280372736,AWI0005e2h
464931073088436096,AWI0000zpe
85038363891625984,AWI0005zxg
541788928728958080,AWI0005e2q
541772745292062848,AWI0005e2r
4753261854335749120,AWI0000haj
516440066110556672,AWI0002d5e
516482328588370176,AWI0002d5g
459789065221076864,AWI0003lvn
466262238072101376,AWI00019vp
542121629778458112,AWI0005e37
542121629778458112,AWI0005e37
466244955123760256,AWI00019vq
466584704216593024,AWI0001qpq
459585483769796992,AWI0003lvq
138803206884084480,AWI0005yk2
142669708242531584,AWI0005w7g
4723468319038486144,AWI00062b2
123185851098826880,AWI0005yk3
5103980946627467776,AWI00062ic
3268897964013797632,AWI00062b6
445884027000501120,AWI0004nfl
4671532268824862208,AWI0000pvn
234475703643301120,AWI0005w7k
461794132052408064,AWI0000zqm
462482834348848896,AWI00019wg
4613652842867983488,AWI0005zy1
125764721262452864,AWI0005w7o
119006092005322112,AWI0005ykd
16014322434665600,AWI0005zy4
446886678524401024,AWI0002vcf
4860808694421129600,AWI00062iw
118054327252408192,AWI0005ykn
449706513530906752,AWI0000zqu
450175455241251456,AWI00019wk
120898488955384576,AWI0005ykq
450100654090905472,AWI0000zjw
441405162083351552,AWI0004nfu
121322625565818496,AWI0005yle
121318330598494464,AWI0005ylh
121163093300288256,AWI0005ylm
5165621217747751424,AWI00062bl
448596934500298880,AWI0000xcp
445120862849965056,AWI0002vcl
449835912306373248,AWI0000zka
487984052349384960,AWI0002d6a
449063952064750336,AWI0000zr4
448292610297829120,AWI0004yk2
120423461276362496,AWI0005w7w
5056243519004167552,AWI00062j7
244633885416826880,AWI0005mw8
3271186391309163008,AWI0005zyg
68540535515653504,AWI0005ylw
221275310638075264,AWI0005w84
216583454002562816,AWI0005w85
3247804658069300992,AWI00062br
445299189891470208,AWI0002oz0
216654269424295680,AWI0005w9a
218336625295850624,AWI0005w9d
243648963516220800,AWI0005mwf
65231486552803328,AWI0005ym3
243648722998050944,AWI0005mwg
219903120127260544,AWI0005w9g
243650131747283712,AWI0005mwh
168073344584869760,AWI0005w9h
224876211220344064,AWI000632k
5107291954096535424,AWI00062bv
445838088032779392,AWI00019x4
5108088275391026560,AWI00062bw
444297083823208064,AWI0002oz1
219658650590130944,AWI000632e
67369658709673344,AWI0005ym9
220010494310388992,AWI0006328
219771487970923520,AWI0006327
219771487970923520,AWI0006327
4829685093651261824,AWI00062bz
70615142159808000,AWI0005yma
474192637485277696,AWI0002d6k
246880806149650944,AWI0004eir
167949649526313728,AWI0005w9q
231698852668047872,AWI0005mwq
250919724672968192,AWI0002vd2
229864351878562048,AWI0005mwr
170331256133815040,AWI0005w9t
50653508557105920,AWI0005ymc
170556351078751616,AWI000631u
170146920436165376,AWI000631s
4680341727785524608,AWI00062cf
3256682561628960256,AWI0005zz5
233093445733382656,AWI0004ngf
167380583540276864,AWI0005wa0
45567820600586240,AWI0005zgj
169425224194573056,AWI000631f
3311383539988118400,AWI0005zgl
48743450699711104,AWI0005ymi
3304172564776041728,AWI0005zgm
4682186845736044928,AWI00062ct
4682186845736044928,AWI0000lqa
271467909070156800,AWI0002ozm
271383147896295552,AWI0002ozn
476463575669966336,AWI0005e4w
150393571269837184,AWI0005wam
164513572609331456,AWI0005wap
275672480192399744,AWI0001qr1
3299871137848106880,AWI0005zgp
275395918658765056,AWI00019xl
4779199608512944512,AWI00062d2
176363387378727424,AWI0005mxd
470694506883096832,AWI0002d71
278226336466060032,AWI0002d72
151423440003137024,AWI000630x
177920600785588480,AWI0005mxq
177921979470328320,AWI0005mxu
272463349349226752,AWI0001qrb
4791615877929360896,AWI00062df
173383809651182848,AWI0005mxx
4791606562143607808,AWI00062dh
271233854831476992,AWI00019xu
3177451169616245632,AWI0006006
252319815291346304,AWI000427i
3306698349143972096,AWI0005ymx
175017993166932224,AWI0005myd
3198123122089272576,AWI000600b
174515898607076992,AWI0005myf
272875283955750016,AWI00023of
158893144045713920,AWI000630h
254003300735031808,AWI00034ud
3186123945537262720,AWI000600n
257469068765000832,AWI0000zrn
472588450018782080,AWI00055wg
3181168618429102336,AWI000601n
148248806336442624,AWI000630o
3281991773112186752,AWI0005yn2
158434922574759296,AWI0005myt
158401834147095680,AWI0005myu
254871816138956672,AWI0000zkt
3233364050307455232,AWI0005yn4
3188098427902106240,AWI0005zgy
3289755630874865792,AWI0005yn5
161806639406030336,AWI0004nhj
206563089146737664,AWI0000zrp
3405574406172834944,AWI0005wcl
483899504089586688,AWI0005af1
483899504089586688,AWI0005af1
255379614415529984,AWI0001qry
3212624855825952896,AWI0005zh3
155744074024631296,AWI0005mze
185061348988728576,AWI0004ejc
201717885001932416,AWI0002p05
3229011393011471872,AWI0005ynf
3391710560978349568,AWI0005wcw
3419962546614118144,AWI0005mzk
206745225821859712,AWI00019yc
3240056193470538240,AWI0005wcz
207130948242810752,AWI00023os
3213013808064290304,AWI0005ynm
3214467602954653952,AWI0005ynp
3208197569178458624,AWI0005zhk
2975679717786521344,AWI00060gu
3214480590935860480,AWI0005ynv
3420889774218177024,AWI0005mzu
185678583034286464,AWI0003cu4
3387012794470089344,AWI0005wd7
3388100241533597184,AWI0005wd8
499172888828954112,AWI0005af8
3215302815178415104,AWI0005yo1
3215349651798096768,AWI0005yo2
3211836780866461184,AWI0005yo4
188705714640626816,AWI0000xds
183874765487926400,AWI0003cu9
188832880034108288,AWI0000zs0
3208289206598823680,AWI0005yog
3241267438671306368,AWI0005wdn
3241294724599360384,AWI0005wdo
3338576249250088064,AWI0005wdq
3241218033663465472,AWI0005wdu
3208514640843666560,AWI0005yok
3214326934185808256,AWI0005yon
3237405339655438080,AWI0005we0
3209944418277007872,AWI0005yoy
3209954382601108352,AWI0005yp2
3014974652753401984,AWI0005yp3
4799876405710399616,AWI00060uk
194995088652704896,AWI00019yp
3237214505668335488,AWI0005we8
3222064884704575232,AWI0005wea
3210187857023452800,AWI0005ypb
2988947769414690944,AWI0005ypc
3210190468363545600,AWI0005ype
3220371739878001664,AWI0005ypf
3220599441863236608,AWI0005wem
184603776056959360,AWI0000zs6
3222109140047462400,AWI0005wen
3401523496099380736,AWI0005n0k
209236998344244608,AWI0002d7x
3210586361269300992,AWI0005ypm
3220078548230666496,AWI0005ypo
3013331466985304576,AWI0005ypp
3235871379199826816,AWI0005wew
3237759725996448128,AWI0005wex
3238066592819780608,AWI0005wey
3208869061545298048,AWI0005ypt
3013391695309762944,AWI0005ypv
3447174424314914432,AWI0003cuh
3236756318557385472,AWI0005wf8
3220110983823622400,AWI0005wfa
3220117409094677888,AWI0005wfc
3400282903385072384,AWI0005n0p
3337641355129216640,AWI00062ya
3015083779282240256,AWI0005yq2
3221984517277139328,AWI0005wfi
3208867480997246336,AWI0005yq4
182869571341823360,AWI0004yla
3236004733638734592,AWI0005wfn
3236085341585956864,AWI0005wft
3016379102763090560,AWI0005yq8
3390790956942150528,AWI00062y2
3340893641804344064,AWI00062xz
3341069494945080192,AWI00062xx
3236033183503281152,AWI0005wfy
3340944352481408512,AWI00062xw
3340882749767481216,AWI00062xv
4771753578331030016,AWI0006191
3217043964857566464,AWI0005wg1
3016799154860928128,AWI0005yqc
3334127075448254336,AWI00062xq
3338281610197395712,AWI00062xm
3016603201272864768,AWI0005yqh
3016413501156518400,AWI0005yqi
3013496462449198976,AWI0005yql
3340973631275296128,AWI00062yi
3340972497403927552,AWI00062xy
3016848735963141760,AWI0005yqs
3209513233622761984,AWI0005wgh
3216805130316380672,AWI0005wgk
3209393013195252608,AWI0005yqw
3016826814450125184,AWI0005yqx
3209817321603480832,AWI0005wgv
3217630378215871232,AWI0005wgw
3340562173409366912,AWI00062wl
3340979712948924416,AWI00062wi
3340979816028134144,AWI00062wh
3341007922294097024,AWI00062wg
3340663672076059648,AWI00062wc
3209608723634530944,AWI0005wh4
3339772655341290752,AWI00062w9
3220680633925015040,AWI0005wha
3016776683592103552,AWI0005yr4
3216734727212852224,AWI0005whd
195806876129145088,AWI0002d81
3404525128483482496,AWI0004nij
3217625915746195328,AWI0005whj
3209599721380315264,AWI0005whp
3220857105541116800,AWI0005whq
3220858681792923264,AWI0005whs
3016758816528150656,AWI0005yrd
3017260709226477952,AWI0005whw
3017163539886560768,AWI0005wi9
191233659372629248,AWI00023p7
3017131134355299200,AWI0005wie
3016429989533881344,AWI0005yrg
3010433360492670464,AWI0005yrh
3017189240970832896,AWI0005wip
3017160683732338944,AWI0005wit
3338005877593749120,AWI00062vu
3220792887190091136,AWI0005wj0
281992610467459968,AWI00055xe
3339508768254185472,AWI00062vr
3017191336914852480,AWI0005wj9
3220786839876234752,AWI0005wjd
3223652201538568960,AWI0005wjj
3337880533268577280,AWI00062vq
3217595988412324352,AWI0005wk0
3217604024297273216,AWI0005wk4
3217356015703988864,AWI0005wk5
3220829441656781824,AWI0005wku
3016933432717079296,AWI0005wl4
3217277782877155072,AWI0005wl5
3017400759529896320,AWI0005wld
3217389348947353728,AWI0005wlk
282841261644778368,AWI00055xg
3440756304361881728,AWI000428p
3016930787015758720,AWI0005wlv
3216074401759678592,AWI0005wm1
3016855779708350592,AWI0005wm2
3216133053832757632,AWI0005wm5
3217267371876556160,AWI0005wm8
3016879109970689024,AWI0005wmc
3442554723130685312,AWI0003cum
3449431176227952256,AWI0000zsf
3017393200389094912,AWI0005wmx
189614461001691392,AWI0001qsl
3016099075190030208,AWI0005wnb
3017327332770682368,AWI0005wnj
3215636589973631104,AWI0005wnp
3216114014242465920,AWI0005wnq
3015638036220467200,AWI0005wnw
3016095433057858560,AWI0005wnx
3216049147351917824,AWI0005wnz
195938577005384192,AWI0002d85
3444508731388358784,AWI00034v5
3334566124186216064,AWI00062uz
4807752860334734720,AWI00061mc
3441021939498830976,AWI0003lz5
3404379992948605696,AWI0004ek1
3217419065825474176,AWI0005wp2
215258125880599936,AWI00055xh
3216446719589371776,AWI0005wpc
3217539737226010624,AWI0005wpk
3016991122718336128,AWI0005wpn
3015628965249638272,AWI0005wpp
3216521765553185152,AWI0005wq2
3444521547570721024,AWI0002p1a
3216522212229775360,AWI0005wq4
3015436310196498304,AWI0005wq7
3016110860580352128,AWI0005wq9
3012183989161526912,AWI0005wqd
3441703598051819776,AWI0003cuq
3216471737774127488,AWI0005wqh
3016239537801576832,AWI0005wqj
3012121420077840256,AWI0005yrs
3015419572707866880,AWI0005wql
3016033100196424192,AWI0005wqn
3012179178798021248,AWI0005wqp
3012292767796744576,AWI0005wqv
3217452983182529664,AWI0005wqy
3449351766574614400,AWI0000zlj
3012186325623589376,AWI0005wr1
3012118598282950400,AWI0005wr2
3015814439117897088,AWI0005wr4
3015416037950917248,AWI0005wr7
3012123893978987648,AWI0005wrb
3016017333372618240,AWI0005wrc
3447687900541844608,AWI0004ylk
3216471222378023936,AWI0005wrg
3012126677117886848,AWI0005wrm
3012126638462306304,AWI0005wrr
3011883130996177280,AWI0005ws5
3012334072498196992,AWI0005ws9
3011906770496177664,AWI0005wsc
3219281226205824512,AWI0005wsg
209913094916118016,AWI0005e71
3011913887256685696,AWI0005wsn
3428812550068989824,AWI0003lz6
3011906328115691520,AWI0005wso
3015347211098999424,AWI0005wsv
3012222815665441024,AWI0005wt0
3012331358078862720,AWI0005wt1
3012316377232938240,AWI0005wt4
3011919831492728064,AWI0005wt5
3015741218515544704,AWI0005wt7
3011893473277246464,AWI0005wt8
3011895878459343616,AWI0005wti
3012287652491665920,AWI0005wtm
3015730807514906880,AWI0005wto
197250603613583360,AWI0005e72
3012336718198045184,AWI0005wtu
3015724176085386112,AWI0005wtv
3011894710228218752,AWI0005wty
3336161549917961088,AWI00062up
190269357614162688,AWI0002d89
3023160963497689856,AWI0005wua
3403574085285073152,AWI0004294
268509505532836224,AWI00055xn
3012327436772983936,AWI0005wub
3336156292877976064,AWI00062ui
3216375324347662848,AWI0005wug
3216608867489017344,AWI0005wuh
3455875310798317696,AWI0001qsu
3336108223604259456,AWI00062uj
3445050309586407168,AWI0000xea
499848916680749568,AWI0005c2t
3012697800393347840,AWI0005wuq
3216620687238998272,AWI0005wur
3336253530937700736,AWI00062u9
3441531528777290624,AWI0002vej
3012711239346713216,AWI0005wuu
3219198870207817856,AWI00062tw
3443303284393036672,AWI0002p1f
3219222028671353344,AWI00062tt
3012764080328211712,AWI0005wv0
3336319192397511424,AWI0005n1b
3454654612374921344,AWI0001a00
192987487796227456,AWI0002d8a
3219201477252759680,AWI00062tj
3336303180759424640,AWI0005n1d
3335429034655086720,AWI0005n1f
3335236998077973376,AWI00062t3
3335238441186974720,AWI00062t1
3218322589504134784,AWI00062sz
3443077231671582848,AWI0002p1g
3219607854173579904,AWI00062su
3444768692872161920,AWI0000zsj
3427338719154963072,AWI0003lzb
3219598027288397312,AWI00062sq
189900054849888512,AWI0002d8c
3219592083052832768,AWI00062so
3335355775396960128,AWI0005n1m
3018913064747143936,AWI0005wva
3427293604817394432,AWI0003lze
3321071989776806784,AWI00062se
3430974430444005888,AWI0002p1i
3427471553901615232,AWI0003lzg
3399722530413324032,AWI000429f
3455183816767692288,AWI00023pd
3319192305928671872,AWI0006371
3335138866664434048,AWI0005n1u
191546096772772096,AWI0002d8g
3011731024732307712,AWI0005wve
3430718965791698176,AWI0004ylo
3018641901988214144,AWI0005wvf
3316101819261702400,AWI00062rt
3399076258094761088,AWI0003lzj
3315806939690982528,AWI00062rw
3319849745162568320,AWI0006375
2883758110460236800,AWI0005zil
3431056618942383488,AWI0000zsk
3430849734659176832,AWI0000zsm
2883699664545307136,AWI0005zim
2914655830311410048,AWI0005yse
3349779310667340672,AWI000429n
2998442975736725504,AWI0005wvp
2995626890236177664,AWI0005wvu
2997241213823730304,AWI0005wvv
3011414571542131072,AWI0005ww0
2995712441687481216,AWI0005ww1
2992624532000403328,AWI0005wwi
3422859553596863872,AWI0003cv1
3017528302868156928,AWI0005wwx
2999324650919983232,AWI0005wwy
3321943588964057984,AWI0005n29
2999326368906892160,AWI0005wx1
2999321622966433152,AWI0005wx6
2999325475553686784,AWI0005wx7
2999322520616185984,AWI0005wx8
3017461782414690176,AWI0005wx9
3017460545464113408,AWI0005wxa
2994176977996465664,AWI0005wxb
5498909546046688256,AWI0005zjc
3005339318824343680,AWI0005wxn
3349303806246376832,AWI0003lzt
970353341187851008,AWI00055y4
970353341187851008,AWI00055y4
3005341758365913472,AWI0005wxr
3329627770791356800,AWI0004nje
3021303888359318656,AWI00062qy
3018300125670463360,AWI00062qw
3315558007682959232,AWI0005n2k
3349319263832207872,AWI0003lzv
2993841420791575424,AWI0005wxv
3020875422421268864,AWI00062qq
2991187405882397184,AWI0005wxz
3018531091831201664,AWI00062ql
3018514736595862912,AWI00062qe
5572320089142861824,AWI0005zkb
3437519543990305152,AWI00023pv
3005249433748990720,AWI00062pp
3005277647390275584,AWI00062pn
3437533360903534848,AWI00023px
2993030943285271552,AWI0005wy4
3018256076486111872,AWI00062pi
3019952171955445888,AWI00062pf
2994425635127133568,AWI0005wy5
3437636268319472000,AWI0002d8u
3345256503945076864,AWI0003m05
2993153951148830336,AWI0005wy8
2942881221508742784,AWI0005wy9
3375284132138834560,AWI0000xet
3004415252317692928,AWI00062p9
3005933192542681472,AWI00062p8
3006091079837070208,AWI0006376
3004408655247875712,AWI0006378
3375231901039829504,AWI0000xew
3344475129134296192,AWI0003m0a
3004409922261019008,AWI000637c
3375019733952064896,AWI0000xf1
2941067439640911488,AWI0005wyg
3005629864772897408,AWI000637k
2895856655376882560,AWI0005ysz
3317122475291169920,AWI0004njp
3425025759007709056,AWI0001a0h
3019828824791463680,AWI000637p
3019828957932586240,AWI000637r
3019810030014599552,AWI000637s
3019810751569094528,AWI000637t
3004864402816929024,AWI000637x
959411581288869120,AWI00055yl
3007803358742406528,AWI0006383
3007792088748728832,AWI0006388
3376649313265215744,AWI0001a0n
3007774603938724224,AWI0006389
3376593302593746688,AWI0001a0p
3007811746815791872,AWI000638d
2937591986465297536,AWI0005wyn
3375860237577717504,AWI0001a0v
3375755685189815808,AWI0001a0x
5499867942228621056,AWI0005zm0
3375751184064114304,AWI0001a0y
2993481708695775744,AWI000638p
2936738073949140352,AWI0005wyt
3006650795677487360,AWI000638w
5549230070081293824,AWI0005zmd
3006580877908527360,AWI0006391
3332660533098839808,AWI0004ymf
2936473851858198016,AWI0005wyw
3432663383385285504,AWI0002d91
3330896877788824832,AWI00034w9
3369561101099909888,AWI0000zm2
3375669201728772352,AWI0001qtv
3376378524167149312,AWI00023ql
3435434423268148224,AWI0005e8b
3001341155245086592,AWI000639f
3330658661723555584,AWI00034wa
3383623790398245632,AWI0002d96
5568811032142610816,AWI0005ytl
5575077694367896832,AWI0005ytm
3369735957809321216,AWI0001a14
3376013688166423936,AWI00023qq
3327264473625811456,AWI00034wb
3132067246631144576,AWI0003m13
3327312886498462336,AWI0002p2f
3119160354512318208,AWI0004eli
3331131593459419392,AWI0000ztc
2940784177958806528,AWI000639v
3130022670402229632,AWI0003m1g
3118868910916743424,AWI0004elm
3130019127051689088,AWI0003m1h
5581797776296316928,AWI0005wzj
3130212404876438400,AWI0002vfh
3383285377038586496,AWI0005e8j
3131010478522400384,AWI00034wi
944730906329362176,AWI00055zf
5556069272925158656,AWI0005yu0
3326706020501406976,AWI0000zm8
3352038940204756224,AWI0001a1b
2919694960821675392,AWI00063aj
3326946641747982464,AWI0001a1c
5575818597704349184,AWI0005wzn
3326617475454737664,AWI0001a1x
5583519130469880704,AWI0005wzr
3127507709355051392,AWI0002p2o
5498460601705044096,AWI0005yuf
3105376391414450816,AWI0003m28
3129169483741550592,AWI0000ztr
5562241106570387584,AWI0005x02
3132914965800902656,AWI0001a26
5551810658231903104,AWI0005x05
3100356433638913408,AWI00042bj
2953118980436507904,AWI0004nll
3129110797306401664,AWI0001a2b
3101890080562184064,AWI0003m2g
3159026240955199232,AWI0002d9y
3101092217374878848,AWI0003m2i
3159021568031572096,AWI0002da0
889186258955085440,AWI00055zv
937468288430941184,AWI00055zw
2925845010397264896,AWI0005n6p
2925847175060721280,AWI0005n6t
3355073592295636608,AWI0005e95
2922380444956160384,AWI0005n6y
5577708589473863424,AWI0005x0g
887425219281958656,AWI00055zy
3045875739860752768,AWI00042c6
5479316897378792832,AWI0005yuy
3160517213082561536,AWI0005e9g
3154115581507592064,AWI0002da8
3053394986345470208,AWI0000xg7
5504677412248692608,AWI0005x0t
5566123031154894720,AWI00063ca
3045372610212632576,AWI0003cwu
5212511128065705984,AWI0005zoa
3140577775871179520,AWI0005e9r
5267184373820356992,AWI0005yvb
5509779485502306304,AWI0005x19
3059285795992556800,AWI0001a2z
3139312920884527104,AWI0002dah
5561088745368683776,AWI00063cz
3110089825962604928,AWI00023rj
5565227105274982016,AWI00063d1
3111084128071946624,AWI0002dak
2931364146452536576,AWI0003m4r
3032734548689385088,AWI0002p44
5492092260419896576,AWI0005x1p
5486694727777171456,AWI0005x1r
2931742206652269568,AWI0003cx3
5487374844438857728,AWI0005x1t
3061688125817998464,AWI0002dap
3031853324479584000,AWI0002p47
3034384052344627968,AWI0000zub
3031933176509899904,AWI0000xgm
5511914363424594048,AWI00063di
5605571206258158848,AWI0004noh
5586570481397021312,AWI0005na1
5618564650560119808,AWI0003m5m
5507420315803567488,AWI00063e9
899412537430016896,AWI0005c45
5593160198188413312,AWI0004now
1085648508433280000,AWI0005cuq
1086264166224975872,AWI0005cur
5531938050715597184,AWI00063f7
3030479171160819072,AWI00023rz
5292531862052337920,AWI0005x2l
5535843614801035392,AWI0005nbw
5538616518704768384,AWI0005nc7
5530631487305536896,AWI00063g0
5213140632832805632,AWI0005yw8
5593758504305940608,AWI0004epb
5593551108925340416,AWI0004epe
5288346850216311424,AWI0005x38
5717354911321486592,AWI00023s7
5717566056216683776,AWI0002dbg
5545573884687986048,AWI00042f6
5539073881180899712,AWI0004epp
5294133717352443264,AWI0005x3c
654479009331289344,AWI0005c4l
5545081406556605440,AWI0004eps
5725334415102231680,AWI0005ebg
5698608650382301184,AWI0001a48
3088259988963761024,AWI0005ai6
3036466424287508608,AWI0005ebj
5518825240687300736,AWI0005nek
653303768839997568,AWI0005c4o
5517985763558674432,AWI0005nes
5534871582093940480,AWI0004eq6
5544492240129107328,AWI0003m7s
5517932231085890560,AWI0005nf6
5520397434930354176,AWI0005nf7
5534851790892064640,AWI0004eqd
5534525132859868544,AWI0004eqe
3038162459632619392,AWI0005626
5514542127499951360,AWI0005nfl
5697704787411619328,AWI0001qvw
5277096097486882560,AWI0005x3s
5700761257935756288,AWI0002dbp
5533674866774499328,AWI0004eqt
5516162498403299840,AWI0005ng4
5539722558682637824,AWI00042gd
5513503432608341376,AWI0005ngl
5515783957163885056,AWI0005ngs
5539449879796954368,AWI00042gj
5521276326984733568,AWI0004er4
5539975613854625664,AWI0003m8g
5527349646954249600,AWI00042gs
3069467926493333632,AWI0005aij
5315380199014446336,AWI00063iv
5320678809967485440,AWI0005nhg
5213737908163459200,AWI0005ywr
5527367690117023872,AWI00042h2
5548064175451469952,AWI0001a4u
5277781161945756928,AWI00063iy
5515312331094785024,AWI0004nvc
5322553064979225344,AWI0005nih
5527230693538536832,AWI0003m9s
5516548697559707264,AWI0004esg
5526376274227119232,AWI0003m9x
5543428428270792320,AWI0001a51
5322369004158994432,AWI0005niu
5220124009138820608,AWI0005x4e
5529578979800494720,AWI0002p5u
5316373985728828928,AWI0005nj7
5319501817131076992,AWI0005nj8
5527004675180111232,AWI0003501
5542590836621495808,AWI0001a5a
5542590836621495808,AWI0001a5a
5640158135514528000,AWI00023sj
662691605274640896,AWI0005d88
5529304411131169536,AWI0002p5y
5647310660513047808,AWI0005ecl
5315328006576498816,AWI0005njt
5321464651544540800,AWI0005njv
5526641462687820288,AWI0002vir
5321174487856385664,AWI0005njy
5528478403019563008,AWI0002p66
5521922599306387072,AWI00042j1
5329254936257352064,AWI0004et4
5523110071863533440,AWI0003mbb
5640540898699090688,AWI0002dcg
5528611203407335168,AWI0000xif
5528623847790793856,AWI0000xii
5528600620607880576,AWI0000xim
5528394908854112768,AWI0000xis
5638779244859782016,AWI00023sp
5223417699299867648,AWI0005x4p
5530138489479922944,AWI0001qwn
5525178047066918784,AWI0004yqp
5626458392435971584,AWI0001qwp
5216798673659525120,AWI0005x4u
5654218621486885248,AWI000563g
5217169617096580736,AWI0005x53
5324825244421858944,AWI0004eup
5215452837067365248,AWI0005yx4
5625200826010841472,AWI00023t4
5324489000021835264,AWI0004euy
5332052536201336448,AWI0000xkq
5655639946423811456,AWI000563u
5328517438823152512,AWI0003d29
5324589570978821760,AWI00042lw
5649305793079977216,AWI000563x
5330022945114707584,AWI000352t
5428374157145163904,AWI0001qxk
5217074818580302592,AWI0005x5e
1044416856751849728,AWI0005d8u
5218907708761412608,AWI0005x5i
5324270094122288256,AWI0003mgt
5326858172692556544,AWI0002p98
5330854382070232960,AWI0001a7j
5430592731091325440,AWI0002ddi
5635810219858907136,AWI000564h
5635810219858907136,AWI000564h
5203125421934218368,AWI0005x5p
5300688077983449728,AWI0004o1g
5218629497959700480,AWI0005x5t
5218972201990623232,AWI0005x5u
5218970930680367360,AWI0005x5v
5310284615479359232,AWI00042o2
5222960371184232576,AWI00063m9
5248076201758562048,AWI00063mc
5248078370723258752,AWI00063md
5430379528912806912,AWI0005edx
5222631067451625088,AWI00063mg
5326113219205847296,AWI0000xmw
5422863095629066112,AWI0001qyj
5217810288778616960,AWI0005x65
5422344023059743360,AWI0001a8y
5250205547772108160,AWI0005npg
5217862790458788992,AWI0005x6b
592962467626823168,AWI0005dm5
5217963984188394496,AWI0005x6d
818221888711232768,AWI0005dm9
5202068786964193920,AWI0005x6g
5424803390054272384,AWI0002des
5249309514513558144,AWI0005nq0
5424847611038434688,AWI0005ef4
5247416705243609088,AWI00063nd
5426466641906341376,AWI0005ef6
5306360522876747392,AWI0003mkt
5425308065888386432,AWI0005ef9
5413162310695849216,AWI0005efd
5309208434107324416,AWI0002pbw
794503773634723072,AWI0005duu
5307703271407772928,AWI0003d75
5256985170845982976,AWI0004o5e
5431532710451913728,AWI000565b
5431532710451913728,AWI000565b
5205589530572833920,AWI0005x6w
5412157563225704064,AWI0005efo
5202148261037227264,AWI0005x6z
647092490213961344,AWI0005duz
5259632210717027200,AWI0002vpv
5308121291986958080,AWI0002pcz
5308308518216838528,AWI0004yx6
5418313243490834304,AWI0005efu
5405276750754104576,AWI0001qzd
5466268172554368896,AWI0005c5n
5421290862717408384,AWI000565q
5421290862717408384,AWI000565q
5258315884831185792,AWI0003mpb
5246148933983499520,AWI0005nsp
5256436136598865408,AWI00042vp
5258379347266011008,AWI0003mqw
5259784424352885888,AWI0002pe7
5256461081770876928,AWI00042vx
5421917549981204096,AWI0005662
5254939495117818752,AWI00042ww
5415871129386741888,AWI000566d
5357471874959136384,AWI00023wb
5475715416977120384,AWI0005cvz
5447406600336762240,AWI0005akl
5357055056954854272,AWI0001r0u
5440439373110015232,AWI000566m
5252228576143197312,AWI0004f4h
5253934678937190016,AWI0003mze
5253525694949829120,AWI0004328
5354572428441142528,AWI00023wn
3750849846459365376,AWI00001q1
5391971457449699200,AWI000566y
5228687826031217536,AWI00063qb
3749827133142441472,AWI0005d9t
5229297062855751552,AWI00063qm
5388282729078232704,AWI000567f
832891229251188224,AWI0000umn
5241693742918959360,AWI0003n8o
5362494718942406144,AWI000567p
5359901280254191360,AWI0005eis
5238595628389483264,AWI0004oee
5201331053317472000,AWI0005x87
5401835313698622336,AWI0005c62
5240229472637064448,AWI0004f9r
3531972029519928320,AWI0005cw8
5234721950157854464,AWI0005nx7
5346182948567293696,AWI00023zw
5339481837529630720,AWI0001akw
5396227770037520128,AWI0005c66
5240116910129516672,AWI0004far
5346113473173450624,AWI000240a
5240643988513309952,AWI00043ar
3482537505698228096,AWI0005cwg
5237108749401066112,AWI0004fb2
3544724680774863488,AWI0005da8
5333749018237372928,AWI0003njd
5237590507279865856,AWI0003nl9
789197255643448448,AWI00063t9
5372844902934585728,AWI000569a
5234877084376662656,AWI0005nyq
5234461091020261504,AWI0005nyu
5345717472870934400,AWI0005elc
5345610274797198464,AWI0005ele
5333496371086264576,AWI0003nmh
5384497286637138176,AWI0005c6i
5345492146013945472,AWI0005elp
5344918888145491200,AWI0005elq
5226770660011037056,AWI00063ti
3478940625208241920,AWI0005cwk
5233638106565280000,AWI0005nzl
5344683317780217856,AWI0002dny
5233464418087876480,AWI0005nzy
5369596528965330048,AWI00056aa
5342366165754521600,AWI0002do7
5341691954647174272,AWI0001ra1
5370784280705760512,AWI00056av
5380211970132566272,AWI0005am7
6076822512708354816,AWI0005enz
5854716078651223424,AWI0005o25
6126260541212137984,AWI00056c4
5854735594982736896,AWI0005o2d
6130345536147985024,AWI00056ck
6053092406116446208,AWI0003o0n
6151281882505213312,AWI0005c6x
5861232403111813376,AWI0003o2r
5788481841783580672,AWI0005xa6
6127226737057188736,AWI00056ds
6059507987719518976,AWI0002477
6127485465885934208,AWI00056du
5855623588082019840,AWI0004oqr
6053554853806125568,AWI0002wjj
6053571518279865088,AWI00035yk
6157493921339803648,AWI0005cx4
5856806044136388608,AWI0004fkr
3528661193848453504,AWI0005do3
5855512468688727680,AWI0004osf
5856950797369742336,AWI0004ot3
6057075421338815872,AWI0001rl4
6075073670741969024,AWI00056fr
6056883174268614656,AWI0001rl9
6056019202981259008,AWI0001b9x
5843799371308887296,AWI0005o67
5784624239596248320,AWI0005xam
5769176268726763392,AWI0005yy1
6084884235031041408,AWI00056g4
5784316204541166720,AWI0005xan
5863528973594975872,AWI00010zu
6066710750959895552,AWI0002e0d
6066355574343463424,AWI0002e0p
5843530437631607168,AWI0005o6u
5782880203699252992,AWI0005xau
5839005599374910848,AWI00063yb
6066817609734946560,AWI0005ewz
5788147281011304064,AWI0005xb0
6068046721979318144,AWI0005ex3
6067005763658839168,AWI0005ex7
5771170129984466816,AWI0005xb1
6066988029722420608,AWI0005exb
5843891691611896448,AWI0005o7o
6083262244920009088,AWI00056i5
6083264310806843008,AWI00056ia
5857656000988525824,AWI0004fqe
6068598955999987712,AWI00056id
6067344516312101376,AWI0005eyc
6088404871264435328,AWI0005apj
6063763269514629248,AWI0002e4i
6063745780407597184,AWI0002e4r
5845329341755881856,AWI0004owv
6070064497616386816,AWI00056j9
6063989871982227840,AWI0005ez3
5769383084288984064,AWI0005yy4
5783302965917912448,AWI0005xb9
6087637068551279360,AWI0005aq0
5869204652636738944,AWI0001bzd
6293246906873373312,AWI0005dop
6112021723894345344,AWI0005aqi
6164261930805373568,AWI0005cxs
5870731187106494592,AWI0001c1b
6094525126640008832,AWI00056m9
6094631921010343296,AWI00056mg
6064952764979367808,AWI0005f34
6065833851748776192,AWI0005f36
6065996137099792512,AWI0005f42
6065138792911302784,AWI0005f4c
6287231620492618240,AWI0005dcl
5852009905723671296,AWI00044ba
5852022481389546624,AWI00044bx
5896756833463694848,AWI0005f5v
6089353028248052736,AWI0005f67
6110115621706655616,AWI0005asb
5846110269869137408,AWI0005obu
6297677114099765888,AWI0005dp4
6091088744790298624,AWI00056pj
6117570031364682240,AWI0005c9i
5867863763851559552,AWI0001caf
6092611942046811264,AWI00056qa
6096936767959654912,AWI0005asu
5847866258676746496,AWI0004p2x
6095797742629155072,AWI00056qt
1227155036451758208,AWI000641x
6296896499499207808,AWI0005dpc
6272938038051410816,AWI0005dd5
5896175020017517952,AWI0002ehw
6328724096948260736,AWI0005dpe
6116683004659017984,AWI0005ca0
5849181515101595520,AWI0004p4l
5773034489389259648,AWI0005xbz
6118787435554531584,AWI0005cab
5891607580005758848,AWI0001cj2
6099588790003533568,AWI00056tz
3655339742415670144,AWI0000w9x
5906317121414697344,AWI00056vj
6202819192254110976,AWI0005cay
6222331190021497472,AWI0005cyr
5773141073296019328,AWI0005xcd
1237177291097375488,AWI0006440
5848529195464197760,AWI0005ogj
6201618177659524736,AWI0005aw0
1281536228726977024,AWI0006444
6326370557949392128,AWI0005dpu
6225298840624107264,AWI0005cz5
6232933922382576640,AWI0005de3
6232933922382576640,AWI00000o6
1161002781927857024,AWI0000s6v
6312310346851392640,AWI0005de4
5874493990765277184,AWI00044on
5901538025428566528,AWI0005fgf
5880384830444523648,AWI00011zu
5881357417220279808,AWI0001cvf
5906941644021801728,AWI00056yi
5771842726160830592,AWI0005yyc
5873642315916269056,AWI00044qg
5900182529419794432,AWI0002er6
5907123986847273088,AWI00056yr
6198061605441186176,AWI0005awy
5900625327697215616,AWI0002eru
5900625327697215616,AWI0002eru
5903101565318298496,AWI0005fhm
6212506679969339392,AWI0005czg
5793362741398280064,AWI000645d
6200805024391046912,AWI0005cbh
5874561988706781440,AWI00044s0
6003604487219267456,AWI00056zc
5873765736088379008,AWI00044sa
1168179328682257536,AWI0000uji
6200949232212327168,AWI0005axg
5902098364045905024,AWI0002etg
5888429883991154816,AWI0002etw
5886760176838753920,AWI0001d1g
5772340152092821760,AWI0005xcw
4418807936336272128,AWI0005dql
6206461560741234560,AWI0005ay4
5771504248377148800,AWI0005yye
5882915871863550208,AWI00037bl
6209752536481641216,AWI0005cbz
1640843675063011072,AWI0005dqv
6000529909120881664,AWI000572j
5890576753493719680,AWI0002exw
6002598708958358784,AWI000572x
5768277113030200576,AWI0005yyf
5888938824793876352,AWI0001su4
1221640435882544768,AWI0000v1z
6006340862422554752,AWI000573c
6239678154910804096,AWI0005d06
6014535763097167744,AWI0005az9
5827646171142817408,AWI000450v
1272382863146360960,AWI0000u4v
6003218249404454400,AWI0005747
5883555340935574400,AWI0002r8t
1373715293574452608,AWI0000t35
1641408480442167552,AWI0005dr4
5778540057644593792,AWI0005xdb
1194433639129253760,AWI0005dr8
6002930654084666112,AWI000574t
5780351326954069888,AWI0005xde
5885548102699506816,AWI00012g1
6001885366434698112,AWI000575i
5989716452782874496,AWI0005fsc
5989253386598028928,AWI0005fsr
6239889329863051392,AWI0005cd4
6008444090733754496,AWI000577m
6015150424462395648,AWI0005b0t
5984576957486631040,AWI00025ay
5995454941411302784,AWI0005fv0
5988312342087469312,AWI0002f8h
6246524435861741824,AWI0005cdq
6237029328322362880,AWI0005cdr
6039391838356902912,AWI0005b1h
5984592110123029504,AWI00025d7
5985036312822785024,AWI00025dh
6040172148013858048,AWI0005b1p
5981896554289882752,AWI0001dr2
6243210920137332096,AWI0005ce6
5984212812971658368,AWI0001t6m
5985071772054660480,AWI0002fa7
5997986601284941056,AWI00057aj
1371943297443269632,AWI0005dse
5985207389961033344,AWI0002fb7
5996829159142949760,AWI0005fzs
5991206153606937984,AWI0002fbw
6243989301345820544,AWI0005cey
5997064935667762944,AWI0005g10
6242417897370352512,AWI0005cfl
5984909834645016832,AWI00025gl
6242853303975004032,AWI0005cg6
5996737968403265920,AWI0005g3c
1322458745843164288,AWI0005dst
5990187662244277504,AWI0001tdb
6245692620954228864,AWI0005cgr
5782225758061874048,AWI0005xe7
5990220269627351808,AWI0001tf4
6244609842518670720,AWI0005ch4
4328348267156773888,AWI0005ch8
6021412555507084032,AWI0005g6o
6045240278140467072,AWI0005b5d
6052114802793345792,AWI0005b5h
6021490552104336000,AWI0005g98
6024788876526051968,AWI00057ho
6052146929146448000,AWI0005b6j
4344348360366581376,AWI0005d20
6018885392437949568,AWI0005gbh
4433542392878665344,AWI000048i
5992764299017580032,AWI00025pj
5943956771739398144,AWI0001ees
1297366825346603776,AWI0005du6
6052411155539448064,AWI0005b85
4131298599294452224,AWI0005b8e
6020553454661523072,AWI0005gdw
1327830787857743616,AWI0005duf
6031841075387660288,AWI00057lm
4131330416412958208,AWI0005b92
4131246789107498752,AWI0005b96
6051260649758764544,AWI0005b9d
6047652263051253632,AWI0005b9e
5768586625554302464,AWI0005yyr
5944385959197774464,AWI0001enw
4331014548493986432,AWI0005ciq
6020356027914262784,AWI0005gia
4445139697930805632,AWI0005dhk
4337035955207912448,AWI0005cj8
6030370792146235264,AWI0005gm3
5805412946463079936,AWI0005xfk
6030541456971269760,AWI0005gm5
6031302044144732544,AWI00057po
6019985492498247552,AWI0002g09
5971067292500232448,AWI0002g0m
1357334838062890112,AWI0005dus
4385716110971547008,AWI0005d2p
6019319291541946496,AWI0002g1a
6034203689675848960,AWI00057qr
4126864440698908032,AWI0005bb4
6019654092830308224,AWI0002g2g
5926898673430003968,AWI0005p1x
4133636337113348608,AWI0005bbr
1326938946488571904,AWI0005dhx
5929118656142088576,AWI0005p2h
5971549978106009728,AWI000261v
4339734530403059072,AWI0005cjt
5971291249266080768,AWI0001u4m
4557675537674323072,AWI0005di7
5815105759947147264,AWI00064fy
5939087206496809088,AWI000466x
5938164784991108864,AWI0004qam
4366165419840733184,AWI0005cl4
4129416548940512128,AWI000581h
4115401727071929984,AWI0005844
4115335962529813632,AWI0005851
4114560772484701568,AWI0005hm5
4366325742379636096,AWI0005bgk
4109082971231605248,AWI0005ho3
4366260905553235200,AWI0005bgp
4115755288779142656,AWI0005hpf
5978966385844418560,AWI0001fyl
4360412603206068864,AWI0005bh4
4363163684377308288,AWI0005bhb
4111081402315820544,AWI0005hw4
4395226573018336000,AWI0005cm5
4359685310624550656,AWI0005bhs
1336772153854267392,AWI0005djv
5813962989402807808,AWI0005xgz
1420465016158556416,AWI0005dk1
4360092507884075264,AWI0005bil
5959642885678424832,AWI00046rj
4122103284806230400,AWI0005ifp
4114777616794471296,AWI0005iga
1633731140502230400,AWI0005dkc
4109768482338921728,AWI0002idi
4138480987206001920,AWI00058mi
4121015829115525376,AWI0005iso
4374851385603677312,AWI0005bk2
4138503595915442048,AWI00058ov
4362325650359409792,AWI00058qk
5960920307658439168,AWI000473b
5919342451554327040,AWI00064nf
4163326071646957824,AWI00058sn
4163253744402855680,AWI00058vi
4169007213862601472,AWI00058w0
4168278718692374272,AWI00058x6
4161960714428713728,AWI0005js9
4369564147723798400,AWI00058xt
4162329501802889472,AWI0005jub
4489400740370862336,AWI0005bmv
4162100872111850624,AWI0005jyp
5958109681059207680,AWI0004rbw
4162355817051233408,AWI0005jzj
4164864632014678272,AWI0005jzo
4371263202425261184,AWI000590x
4370879644670432512,AWI000591k
5954315816187433472,AWI0005pxl
4176592950742004224,AWI000591w
4469082319545187712,AWI000592c
4164064221910160896,AWI0005k6q
4175310026833770112,AWI000592e
4171587286626201600,AWI0005kar
4178233009777359744,AWI000594n
4178216723260091904,AWI000594w
5920206427170975872,AWI00064tb
4151674650018236544,AWI0005kcp
1436562519224256768,AWI0005dle
4179224528744372992,AWI0005979
6702777918367518720,AWI00064w9
4177134906899478528,AWI0005kla
2152139190687051008,AWI0005d5p
6635238659982556928,AWI0005xkf
4172200779750677248,AWI0005kns
4095443735587253632,AWI000157z
4527251398094572416,AWI0005bps
4171427578253208960,AWI0005kor
4177666108448801280,AWI0005kow
4274293801641431552,AWI0005kpd
4037842348706187136,AWI0005qtq
4475062146668958976,AWI00059b7
4603493836465833472,AWI0005cpn
6653177780605160192,AWI0005xkx
6647524499831054208,AWI0005xl0
4610257928920043008,AWI0005cpq
4605224188592429568,AWI0005cps
4174771506649755008,AWI0005krx
4173112309262080640,AWI0002lkk
4273940239932563200,AWI0005kss
4174280299835922816,AWI0002llp
4174702301838299904,AWI0005kt6
4275613387395134208,AWI0005ktc
4497388799725087232,AWI0005bql
4158999802636143232,AWI0002lnv
4172809634334899840,AWI0002lop
4586172473880529152,AWI0005cq2
4274129940048505984,AWI0005kuo
4270838311472794624,AWI0005kut
6414389281253980032,AWI0005z0a
4160516475852622208,AWI0002abd
4174443573008783488,AWI0002lq9
4274073246480472192,AWI0005kw0
4274096679822026240,AWI0005kw8
4530046008755639168,AWI0005br8
2108922542562477312,AWI0005cq8
2161325369818713984,AWI0005d6b
4160437409783637632,AWI0002af4
6653545425503617920,AWI0005xm7
4157845521586996736,AWI0001zn0
4270585247700375424,AWI0002lwl
4270818515965833344,AWI0002lwt
4591728718451921920,AWI0005brq
4160860141980926336,AWI0001zr8
4274668627727867264,AWI0002lyb
4269494467748142976,AWI0002akj
4276645519576113664,AWI0005l2z
4276208463702108032,AWI0002m0f
4522463639130943104,AWI00059ic
6437341895721683072,AWI0005z0v
4161024072299835776,AWI0001zxi
4159738777533006848,AWI0001li2
6413581483804673024,AWI0005z0x
4257523328737465088,AWI0002001
4273218857222035712,AWI0002m4k
6347016225224273792,AWI0005zop
4273024552900310016,AWI0002m59
4284285819726337792,AWI0005l64
4273009297176466048,AWI0002aq9
4273329151982710016,AWI0002m60
4273031115611340160,AWI0002aqn
2160175315016226176,AWI0005d6u
4257992167365303168,AWI000205u
4273435010040174720,AWI0002at9
4256329259121488000,AWI000165h
4508163120332231680,AWI0005l9w
2110881494325426560,AWI0005cr4
4524351912916229760,AWI00059mc
4525780762635978880,AWI00059mg
2120252185251371520,AWI0005cr7
4273535172980994048,AWI00020es
4537760972611784192,AWI00059o0
6722431409535961856,AWI0005xq4
4047108925235951232,AWI00065pi
4278830420979583872,AWI0001mea
2090075401436854144,AWI0005bud
4280234011989555968,AWI0001mkz
6432238851801767296,AWI0005z23
4098328751052523392,AWI0005u2d
6735351774984167040,AWI00065we
4285635161011490304,AWI00020pn
4280336477027412864,AWI0001mpc
4285447419397548032,AWI00020q4
6730228531826367616,AWI0005xrg
4282085696960129536,AWI0001mqy
4280358639058519424,AWI0001mrl
4285346470486321280,AWI00020r3
4286048714816062208,AWI00020rf
4282146170100704000,AWI0001msu
4252455056874811264,AWI0003ylb
4072142094909215360,AWI00065z2
4286240476524213632,AWI00020sy
4286178319756055936,AWI00020t7
6735807724399195904,AWI00065zp
4286178869511880448,AWI00020th
4282253677409401600,AWI0001mvf
4285740164362451328,AWI0001mvm
4507035085817707264,AWI0002mmd
4286219654522024320,AWI00020uk
4286221681746617728,AWI00020up
4075564148726280064,AWI000660z
6636901740035956608,AWI0005z2p
4073887496577217280,AWI000661s
4286005181023736576,AWI00020wq
4282266532254088576,AWI0001n08
6710469655033078016,AWI0005z2v
6661182328330170752,AWI0005z2w
4075212859073235456,AWI000664x
2040586688007799552,AWI00059s1
4310077338846188288,AWI0001n5y
4507978780343384576,AWI0002mpy
2041048487193424768,AWI00059sj
2040313498030020224,AWI00059t0
4313762420814648960,AWI000216e
6731251799189397248,AWI0005xvl
2103771158789451136,AWI0005bvj
6731195582357354752,AWI0005xvo
2092942584163797248,AWI00059tk
6662879321448190720,AWI0005z3t
2036021000333082240,AWI0005lpj
4521142133548225536,AWI0005lq1
2042516335219529728,AWI00059ub
6719362775656914816,AWI0005xx8
4519813648629816064,AWI0002my7
4312466337128731520,AWI00017os
2254586873802568448,AWI0005cs0
4293370843795389440,AWI0003zna
4293460041680195200,AWI0003k7p
2042970674039302400,AWI0005ls3
2254485134616928128,AWI0005cs4
2101228774371560832,AWI00059v6
4087842738668571008,AWI00066en
6435246741955014144,AWI0005zpw
2051249408175375872,AWI00059vy
4516686156537468672,AWI00021mi
6714832719030811776,AWI0005z58
2126938968299652352,AWI00059w0
4516557651107480576,AWI00021ms
2022127335214611072,AWI0002bme
4184764108849394816,AWI00066gm
2040033358785792000,AWI0005lu9
4516590945695564928,AWI0001o6v
4517005427213550848,AWI00021nq
4309843241649220608,AWI000336m
2038365781911994112,AWI0005luf
2019143191941097856,AWI00021o7
4515331661278706432,AWI0001o7u
2038850490430755712,AWI0005lum
4309628600675503104,AWI0003kh7
2051020714059331200,AWI00059wr
4201474349131626880,AWI00066ig
2019240361283228800,AWI00021pz
2022697535085900160,AWI00021q7
2051765044774262656,AWI00059x3
6738573511536686592,AWI0005z61
2022725297756315904,AWI00021rx
2019584680231450496,AWI0001oek
4515679072617347328,AWI00018c6
4181161662076947840,AWI0005y1p
2142059379183068672,AWI0005bx9
1825598702717398528,AWI00054g5
6745256416229841664,AWI0005z7b
6745256416229841664,AWI0005z7b
6428178737615953920,AWI0005zr3
2077858693383315840,AWI0005lzk
2135813470243377664,AWI00059zb
6683754133816032640,AWI0005zrc
2135547147912073216,AWI00059zt
2080139351076259072,AWI0005m1a
4233497659644344832,AWI0005y65
2137752660858636672,AWI0005a0l
2035550821679604224,AWI000227n
4240299272932679040,AWI00066uw
2027088808387872768,AWI0003bu5
2247759215831112320,AWI0005by5
2072675011472296320,AWI0002nht
2075518863927089280,AWI0002nhu
2089617553621903104,AWI0005a13
4221429763612457600,AWI0005y77
2075865102701318400,AWI0002nk5
2031097941349655040,AWI0005502
2186323178996827520,AWI0005a27
4216525941752642560,AWI0005zac
1836793930087238400,AWI0004132
1834086451437123328,AWI0004mwu
1836886632662855680,AWI000413c
4242778087533916416,AWI0005y9a
1837300117760315904,AWI000414f
2053938714839457280,AWI0003l5m
2061704256249101696,AWI0001pf6
2186359256722161152,AWI0005a2k
2080779064986705152,AWI0002c7c
2062219343080037376,AWI0001pge
2243351067558534400,AWI0005a30
4230458777001219840,AWI0005ya2
2056257275630965248,AWI0003l8u
2057279065527514880,AWI0003c72
2250353685314421632,AWI0005bz0
2082929984612347776,AWI0002cav
4230264369602500864,AWI0005zb4
4244748133193517312,AWI0005yan
2242855737570391808,AWI0005a38
2180981923316189312,AWI0005man
1752376377942851200,AWI0005yav
2275634103337122432,AWI0005bz3
4246875378956040832,AWI0005yax
1863768970417798144,AWI0004dyu
6668210647169552768,AWI00061zh
1755790876942349568,AWI0005yb5
2056458177017469312,AWI0004dzl
2180062594154518272,AWI0002o2h
6374311463944919296,AWI00061zv
2181675440274682368,AWI0005mbn
2274806858275409152,AWI0005bzi
1756235152657755904,AWI0005ybi
2243635566191451008,AWI0005a3u
1755553352369439104,AWI0005ybj
6470865730372254592,AWI0006203
1810572909927437312,AWI0005ybq
6426400479416827136,AWI0006207
1751081462482022272,AWI0005ybz
2245044555982650880,AWI0005a4a
2070518766079184768,AWI0001po3
1855656773614803456,AWI0005vtu
2062798201580634752,AWI0004e27
2245290537349193856,AWI0005a4c
2182294224800497280,AWI0002o5q
2168224942732488704,AWI0002cgm
1754802248487763328,AWI0005ycb
2194942834762140928,AWI0005a4f
2245096920224694656,AWI0005a4g
2066895600378424960,AWI00055c2
1735158717341968000,AWI0005zc7
2194126271282340096,AWI0005a4m
2067030702869079424,AWI0005aal
2168136363327902592,AWI00022rq
2067025686342890624,AWI00055cx
6455524210271381248,AWI000620z
2166294612634665984,AWI00019aa
2277918540604655744,AWI0005bzz
2245620700074313984,AWI0005a4q
2196763278120847104,AWI0005a4r
1842023997659734656,AWI0006744
2190207822298109568,AWI0005mdd
2065153870887862272,AWI00041ja
2275162034891075584,AWI0005c01
2166438373789288832,AWI00019ax
2167218133679438080,AWI0001psc
2270221753051885312,AWI0005a4z
2162909834796150272,AWI0003ccn
6781729995761948160,AWI000621d
2277015193019179904,AWI0005c07
2166838492939043328,AWI00019bk
1844632829513837312,AWI000674i
2304904580335634944,AWI0005d7g
1837763630618867584,AWI0005yd0
2168813009655240576,AWI0001puf
2278821278307593728,AWI0005ctb
2168720204002251136,AWI0001puu
2168946875190510464,AWI0001puz
2276799516941628800,AWI0005c0g
2163687017743807744,AWI00055fl
2169347406658489728,AWI0001pvg
1757256427159618944,AWI0005zcx
2170321573959866624,AWI00022wc
2176653111670821760,AWI0002ckh
1969290750595624192,AWI0004e6p
2278720295036404736,AWI0005c0l
2276733924201119488,AWI0005c0n
2192199450174725504,AWI0005mf1
1968453506853106176,AWI0004n4l
2189444314556002048,AWI0002o9g
2271760008476000512,AWI0005c0t
2166036051295755392,AWI00019d1
2164319924126065920,AWI0003cex
2189379340289722112,AWI0002o9q
6580102141873348992,AWI00062eb
2177240250884838912,AWI0002o9w
1968500373533650304,AWI0004y8u
1866800392686345216,AWI000675b
2175310951564275584,AWI0001pyi
2277469119522894464,AWI0005c0w
1789784035557784832,AWI0005ydh
6453603260377412480,AWI00062ef
2270445507966189312,AWI0005a6o
2192774249938648064,AWI0005mgi
1969198563419552128,AWI0004n5d
6401654771939949568,AWI000622a
1968782604425578880,AWI0004y9e
2176142319806934016,AWI00022z7
2171885801060643328,AWI00055hw
1972397867377900160,AWI0003lhw
2273413845762235776,AWI0005c11
2178931368487422976,AWI0002ob6
1964015603040385664,AWI0005vxz
2171927032736064128,AWI00055i2
2270561678241602944,AWI0005a70
2270561575162395136,AWI0005a71
1855080492084868992,AWI000675x
2273399586471019904,AWI0005c17
1967022213283717376,AWI0005vyg
2178780323078720896,AWI0002cms
2179563931271704704,AWI0002ocf
2172949922155893248,AWI0001q16
2179548224567991424,AWI0002ocs
1967113477051620480,AWI0005vyx
6465402119655434112,AWI00062ew
1965931364612678272,AWI0005vza
2177954796006552064,AWI000230p
2178435351312223488,AWI0002coc
2178464866328059392,AWI0002coh
1849001464088235136,AWI0005ye6
2171550656173266432,AWI0003ch2
2221376984078976384,AWI0005a8i
2179335542090591616,AWI0002cox
1766959342395614976,AWI0005zvb
1946695443040470016,AWI0005yeb
2174278819399286016,AWI00019ga
2221036410351861248,AWI0005a8w
1966601547010790400,AWI0005vzt
2221038192760441216,AWI0005a91
2221038570717575424,AWI0005a92
1953715854847529600,AWI000676v
1849565101237151360,AWI0005yef
2178534822750175872,AWI000232v
2675090422917409792,AWI0006234
1954525477661511040,AWI0005w04
2202565611449542656,AWI0002cpx
1973948930384349184,AWI0004yb0
2178206584166883584,AWI0001q3p
2216408084880559488,AWI0002oe7
1973028231125794048,AWI0005w0f
2273080792521864320,AWI0005a9j
1946457398775233280,AWI0005yel
2174829842215140096,AWI00019h2
2199249067757771008,AWI0001q4v
1972768093554324352,AWI0005w0q
2199185609623832704,AWI0001q4z
2673487025726316288,AWI0000phs/AWI00062fh
2272880410824048512,AWI0005a9p
2224707851473150976,AWI0005a9q
2222987665535109248,AWI0005a9r
2219207613279999616,AWI0005mjw
2223444203377950208,AWI0005a9u
1778927457744883456,AWI0005zvh
2198897503218363648,AWI00019hb
1981146578329507712,AWI0003lje
2222709214215980928,AWI0005a9v
1976301374174347520,AWI0004ybn
2618493405474743936,AWI00062fo
2285488987399269376,AWI0005c1g
2202919993483391488,AWI000235i
6409694675838847872,AWI00062fq
1796550430116139008,AWI0005ze7
1956608880394231680,AWI000677u
2219301690242747392,AWI0005mkm
2199735227996076416,AWI0001q6j
1962543460047237248,AWI0005w1d
1962581049601438080,AWI0005w1h
2202984319220447744,AWI0002360
1975760277015301888,AWI0004yc1
2199554800704742272,AWI0001q74
2198736356050546048,AWI00019i2
2205681936636266240,AWI0002ofx
2278971842679324800,AWI0005aan
2229687745794928768,AWI0005aap
1962222883687931136,AWI0005w1y
2201503581986367104,AWI0002376
2300473651555289728,AWI0005cti
1962378292786477440,AWI0005w20
2005858858078019328,AWI00034i8
2204674436084166400,AWI0002381
2285881547410166528,AWI0005c1o
2204702615369579136,AWI000238u
1987715576179008768,AWI0005w29
2231276986774370688,AWI0005abb
2229502237569097856,AWI0005abf
1987897060014084864,AWI0005w2p
1909119908038525184,AWI0005yfm
2280788132811560192,AWI0005c1s
1907918073109134464,AWI0005yfu
2226075884460287488,AWI0005mnr
2224912291919181952,AWI0005mnu
1909151518998314240,AWI0005yfy
1901089109467725184,AWI0005zej
2282559373027022976,AWI0005c1u
2279609250187754112,AWI0005abt
1908299947242100864,AWI0005yge
2226158485271564928,AWI0005mo4
1932463570688070912,AWI0005ygq
2226081347658810368,AWI0005mo6
2279554068447977600,AWI0005abx
2279558225976310016,AWI0005aby
2008352584798334592,AWI00055ms
2201852887387512704,AWI0001q9h
1933430453726223744,AWI0006796
2211271956824977792,AWI0002cw2
2282497461076243712,AWI0005c1w
2625272753653528960,AWI00062ke/AWI0000gjb
2279562555303420672,AWI0005ac9
2400467018555631232,AWI00062o7
2201061445176254336,AWI0001qa9
1988736232207535360,AWI0005w31
2224985233344899200,AWI0005moe
2211766290381192704,AWI0002ooy
2007050934837718912,AWI0003lkw
2231147618061277696,AWI0005acl
2211796973627170560,AWI0002opj
1932751470935475456,AWI0005yh7
1929775745794054656,AWI0005yh8
1984067018635325824,AWI000679m
2232965763619323008,AWI0005acx
2213056326757172480,AWI0002opu
2207284371748462592,AWI0001qcv
2211925582127257088,AWI0002opw
2225539116627349376,AWI0005mpg
1984950609367376000,AWI0005w3w
2816477688285447808,AWI00062gs
2207356321038578432,AWI0001qf8
2207356389758053760,AWI0001qf9
2208686420876288768,AWI0002cyt
2212309552204522880,AWI0002orf
1936922567077051648,AWI0005yhp
2015036619058447232,AWI00019n8
2208656871500961536,AWI0002czc
2010445024140803072,AWI00041wp
2016857204160025472,AWI0001qhe
2661460842420031360,AWI00062kw
2210639943796017024,AWI0002osa
2283081473548728704,AWI0005c23
2283081473548728704,AWI0005c23
2232458377658863744,AWI0005adj
2015499788341145728,AWI00055qt
2012317355006886528,AWI0003cni
1998592220078111744,AWI0004naf
2010974507712129152,AWI00041za
2209494836796876928,AWI0002d03
1992970412820685568,AWI0005w4j
1943339660535126528,AWI00067ap
2017073567429096576,AWI0001qjt
1993298067286710016,AWI0005w4q
2879323539547868032,AWI0005zf1
1939972444832278784,AWI00067au
2324655691820273408,AWI00008ye
1926686805316099200,AWI0005yi2
2771727461956335616,AWI0000ojv
2209924161727959936,AWI0002d0r
2878150807315507328,AWI0005zvz
2210756079713090560,AWI0002oth
2016250067581134848,AWI00019pb
2209737210391003776,AWI00023jd
1945099295757036672,AWI0005w4y
1922770649835848960,AWI0005yi5
2016137470723690240,AWI00019pi
2210103485201351936,AWI0002otr
1945510856704617088,AWI0005w51
2229179290385668224,AWI0005ae4
2746989721641935232,AWI00062l3
2210114033641086080,AWI0002otz
2227789404612208256,AWI0005mqv
2287540955271768704,AWI0005ctn
2011901911414140544,AWI0003cp6
1939610632487889152,AWI00067b3
2016461757931725056,AWI0001qlk
2765728079838995712,AWI00062h1
